d64.jpg,0
d100.jpg,0
d36.jpg,0
architecture_355.jpg,0
d248.jpg,0
architecture_490.jpg,0
packaging_546.jpg,0
ILSVRC2012_val_00005313.jpg,0
ILSVRC2012_val_00005331.jpg,0
d123.jpg,0
architecture_468.jpg,0
d97.jpg,0
d176.jpg,0
ILSVRC2012_val_00005182.jpg,0
d222.jpg,0
ILSVRC2012_val_00005225.jpg,0
ILSVRC2012_val_00005494.jpg,0
d137.jpg,0
d112.jpg,0
d68.jpg,0
d104.jpg,0
ILSVRC2012_val_00005217.jpg,0
d66.jpg,0
d120.jpg,0
d124.jpg,0
art_49.jpg,0
d126.jpg,0
art_76.jpg,0
art_96.jpg,0
d266.jpg,0
bathroom-design_136.jpg,0
ILSVRC2012_val_00005484.jpg,0
d211.jpg,0
packaging_501.jpg,0
d26.jpg,0
art_39.jpg,0
ILSVRC2012_val_00005500.jpg,0
architecture_561.jpg,0
d139.jpg,0
ILSVRC2012_val_00005108.jpg,0
architecture_474.jpg,0
poster-designs_23.jpg,0
architecture_568.jpg,0
d201.jpg,0
architecture_562.jpg,0
d158.jpg,0
d28.jpg,0
d234.jpg,0
d254.jpg,0
ILSVRC2012_val_00005317.jpg,0
bathroom-design_130.jpg,0
LSUN7.jpg,0
d267.jpg,0
packaging_538.jpg,0
d52.jpg,0
art_43.jpg,0
d255.jpg,0
bathroom-design_140.jpg,0
ILSVRC2012_val_00005208.jpg,0
ILSVRC2012_val_00005220.jpg,0
d269.jpg,0
packaging_539.jpg,0
d212.jpg,0
d105.jpg,0
architecture_309.jpg,0
d22.jpg,0
ILSVRC2012_val_00005202.jpg,0
packaging_503.jpg,0
d235.jpg,0
art_81.jpg,0
d213.jpg,0
bathroom-design_135.jpg,0
bathroom-design_108.jpg,0
d187.jpg,0
d62.jpg,0
bathroom-design_145.jpg,0
d142.jpg,0
d121.jpg,0
ILSVRC2012_val_00005173.jpg,0
d230.jpg,0
d159.jpg,0
packaging_498.jpg,0
d136.jpg,0
d42.jpg,0
d256.jpg,0
ILSVRC2012_val_00005176.jpg,0
art_35.jpg,0
d250.jpg,0
d128.jpg,0
d273.jpg,0
d232.jpg,0
d186.jpg,0
d154.jpg,0
art_37.jpg,0
packaging_523.jpg,0
architecture_493.jpg,0
d110.jpg,0
art_41.jpg,0
d189.jpg,0
LSUN6.jpg,0
d183.jpg,0
architecture_486.jpg,0
d21.jpg,0
poster-designs_25.jpg,0
d143.jpg,0
poster-designs_22.jpg,0
bathroom-design_142.jpg,0
d113.jpg,0
bathroom-design_150.jpg,0
ILSVRC2012_val_00005106.jpg,0
bathroom-design_137.jpg,0
architecture_472.jpg,0
art_10.jpg,0
architecture_544.jpg,0
poster-designs_26.jpg,0
ILSVRC2012_val_00005212.jpg,0
packaging_524.jpg,0
d70.jpg,0
d30.jpg,0
d227.jpg,0
d202.jpg,0
poster-designs_6.jpg,0
d150.jpg,0
d243.jpg,0
architecture_483.jpg,0
d114.jpg,0
bathroom-design_144.jpg,0
d223.jpg,0
posters_12.jpg,0
posters_24.jpg,0
poster-designs_564.jpg,0
bathroom-design_126.jpg,0
d228.jpg,0
architecture_564.jpg,0
bathroom-design_110.jpg,0
ILSVRC2012_val_00005314.jpg,0
ILSVRC2012_val_00005109.jpg,0
posters_14.jpg,0
d198.jpg,0
art_50.jpg,0
packaging_518.jpg,0
art_38.jpg,0
bathroom-design_149.jpg,0
posters_2.jpg,0
d204.jpg,0
d89.jpg,0
d188.jpg,0
d111.jpg,0
architecture_466.jpg,0
d151.jpg,0
art_57.jpg,0
art_60.jpg,0
bathroom-design_143.jpg,0
d99.jpg,0
d172.jpg,0
d58.jpg,0
ILSVRC2012_val_00005206.jpg,0
d165.jpg,0
bathroom-design_151.jpg,0
bathroom-design_134.jpg,0
d181.jpg,0
art_91.jpg,0
ILSVRC2012_val_00005219.jpg,0
poster-designs_550.jpg,0
posters_4.jpg,0
d261.jpg,0
d260.jpg,0
d24.jpg,0
d145.jpg,0
d217.jpg,0
ILSVRC2012_val_00005492.jpg,0
architecture_489.jpg,0
d108.jpg,0
d251.jpg,0
ILSVRC2012_val_00005061.jpg,0
d162.jpg,0
d47.jpg,0
ILSVRC2012_val_00005224.jpg,0
d233.jpg,0
d246.jpg,0
bathroom-design_109.jpg,0
d141.jpg,0
d54.jpg,0
d263.jpg,0
d218.jpg,0
d115.jpg,0
d200.jpg,0
LSUN8.jpg,0
ILSVRC2012_val_00005170.jpg,0
ILSVRC2012_val_00005489.jpg,0
d229.jpg,0
d177.jpg,0
d127.jpg,0
d95.jpg,0
art_54.jpg,0
d106.jpg,0
d53.jpg,0
d41.jpg,0
packaging_515.jpg,0
packaging_517.jpg,0
art_46.jpg,0
d144.jpg,0
d61.jpg,0
d91.jpg,0
d48.jpg,0
d102.jpg,0
d252.jpg,0
d226.jpg,0
d146.jpg,0
d170.jpg,0
d155.jpg,0
d190.jpg,0
d214.jpg,0
packaging_550.jpg,0
d169.jpg,0
architecture_567.jpg,0
d208.jpg,0
packaging_502.jpg,0
d265.jpg,0
packaging_516.jpg,0
d45.jpg,0
bathroom-design_148.jpg,0
d107.jpg,0
d138.jpg,0
art_31.jpg,0
d60.jpg,0
architecture_560.jpg,0
d67.jpg,0
ILSVRC2012_val_00005486.jpg,0
packaging_548.jpg,0
art_85.jpg,0
LSUN2.jpg,0
d157.jpg,0
architecture_553.jpg,0
d195.jpg,0
d219.jpg,0
art_5.jpg,0
ILSVRC2012_val_00005107.jpg,0
d85.jpg,0
architecture_557.jpg,0
ILSVRC2012_val_00005187.jpg,0
d245.jpg,0
d44.jpg,0
architecture_497.jpg,0
bathroom-design_124.jpg,0
d192.jpg,0
d253.jpg,0
art_6.jpg,0
d210.jpg,0
d156.jpg,0
architecture_364.jpg,0
bathroom-design_152.jpg,0
bathroom-design_141.jpg,0
d239.jpg,0
d118.jpg,0
d171.jpg,0
d130.jpg,0
d178.jpg,0
d98.jpg,0
d152.jpg,0
d203.jpg,0
d215.jpg,0
d193.jpg,0
d38.jpg,0
d101.jpg,0
architecture_203.jpg,0
d249.jpg,0
packaging_547.jpg,0
packaging_521.jpg,0
d80.jpg,0
d49.jpg,0
d84.jpg,0
d244.jpg,0
ILSVRC2012_val_00005336.jpg,0
bathroom-design_146.jpg,0
art_80.jpg,0
d274.jpg,0
packaging_533.jpg,0
d125.jpg,0
architecture_543.jpg,0
ILSVRC2012_val_00005171.jpg,0
ILSVRC2012_val_00005200.jpg,0
d37.jpg,0
art_53.jpg,0
packaging_511.jpg,0
packaging_527.jpg,0
architecture_488.jpg,0
poster-designs_9.jpg,0
d221.jpg,0
LSUN3.jpg,0
d69.jpg,0
d149.jpg,0
d117.jpg,0
architecture_563.jpg,0
ILSVRC2012_val_00005221.jpg,0
packaging_508.jpg,0
d168.jpg,0
d264.jpg,0
d259.jpg,0
d94.jpg,0
d240.jpg,0
d184.jpg,0
bathroom-design_129.jpg,0
art_34.jpg,0
art_90.jpg,0
packaging_519.jpg,0
d166.jpg,0
d242.jpg,0
d196.jpg,0
d51.jpg,0
bathroom-design_147.jpg,0
ILSVRC2012_val_00005981.jpg,0
d56.jpg,0
packaging_537.jpg,0
d46.jpg,0
architecture_354.jpg,0
d86.jpg,0
d220.jpg,0
d209.jpg,0
d160.jpg,0
d40.jpg,0
art_65.jpg,0
d29.jpg,0
LSUN4.jpg,0
d224.jpg,0
art_77.jpg,0
d225.jpg,0
d185.jpg,0
packaging_513.jpg,0
architecture_204.jpg,0
d197.jpg,0
ILSVRC2012_val_00005254.jpg,0
bathroom-design_138.jpg,0
d270.jpg,0
packaging_514.jpg,0
d20.jpg,0
d238.jpg,0
d63.jpg,0
d32.jpg,0
LSUN5.jpg,0
art_9.jpg,0
art_113.jpg,0
d87.jpg,0
d148.jpg,0
d163.jpg,0
poster-designs_5.jpg,0
d272.jpg,0
d119.jpg,0
d96.jpg,0
d191.jpg,0
d90.jpg,0
packaging_526.jpg,0
architecture_485.jpg,0
ILSVRC2012_val_00005198.jpg,0
d34.jpg,0
art_56.jpg,0
packaging_509.jpg,0
ILSVRC2012_val_00005197.jpg,0
art_32.jpg,0
d247.jpg,0
art_87.jpg,0
bathroom-design_139.jpg,0
bathroom-design_122.jpg,0
d174.jpg,0
d33.jpg,0
architecture_551.jpg,0
d241.jpg,0
d122.jpg,0
art_52.jpg,0
d92.jpg,0
d35.jpg,0
d205.jpg,0
d103.jpg,0
art_17.jpg,0
bathroom-design_132.jpg,0
d161.jpg,0
ILSVRC2012_val_00005195.jpg,0
art_66.jpg,0
d131.jpg,0
posters_23.jpg,0
d129.jpg,0
architecture_473.jpg,0
d199.jpg,0
d147.jpg,0
ILSVRC2012_val_00005069.jpg,0
architecture_205.jpg,0
d164.jpg,0
architecture_467.jpg,0
ILSVRC2012_val_00005199.jpg,0
d109.jpg,0
d237.jpg,0
d179.jpg,0
architecture_310.jpg,0
d39.jpg,0
packaging_510.jpg,0
d55.jpg,0
d93.jpg,0
d271.jpg,0
ILSVRC2012_val_00005496.jpg,0
d81.jpg,0
d140.jpg,0
architecture_556.jpg,0
posters_8.jpg,0
poster-designs_28.jpg,0
d262.jpg,0
architecture_480.jpg,0
d257.jpg,0
d134.jpg,0
ILSVRC2012_val_00005159.jpg,0
d236.jpg,0
d43.jpg,0
d173.jpg,0
ILSVRC2012_val_00005160.jpg,0
d57.jpg,0
d175.jpg,0
d153.jpg,0
art_20.jpg,0
d25.jpg,0
d116.jpg,0
ILSVRC2012_val_00005162.jpg,0
ILSVRC2012_val_00005203.jpg,0
d59.jpg,0
d27.jpg,0
d88.jpg,0
d65.jpg,0
art_47.jpg,0
packaging_522.jpg,0
d194.jpg,0
d133.jpg,0
d167.jpg,0
ILSVRC2012_val_00005253.jpg,0
d182.jpg,0
ILSVRC2012_val_00005190.jpg,0
d50.jpg,0
bathroom-design_125.jpg,0
d268.jpg,0
posters_10.jpg,0
architecture_566.jpg,0
d31.jpg,0
d135.jpg,0
packaging_534.jpg,0
bathroom-design_133.jpg,0
d180.jpg,0
architecture_492.jpg,0
d23.jpg,0
d216.jpg,0
d258.jpg,0
art_51.jpg,0
packaging_549.jpg,0
d83.jpg,0
